<?xml version="1.0" encoding="UTF-8"?>
<project-private xmlns="http://www.netbeans.org/ns/project-private/1">
    <editor-bookmarks xmlns="http://www.netbeans.org/ns/editor-bookmarks/2" lastBookmarkId="0"/>
    <open-files xmlns="http://www.netbeans.org/ns/projectui-open-files/2">
        <group>
            <file>file:/C:/Users/LENOVO/Documents/NetBeansProjects/RentalMobil/web/view_pelanggan.xhtml</file>
            <file>file:/C:/Users/LENOVO/Documents/NetBeansProjects/RentalMobil/web/view_transaksi.xhtml</file>
            <file>file:/C:/Users/LENOVO/Documents/NetBeansProjects/RentalMobil/web/add_pelanggan.xhtml</file>
            <file>file:/C:/Users/LENOVO/Documents/NetBeansProjects/RentalMobil/src/java/DAO/DAOTransaksi.java</file>
            <file>file:/C:/Users/LENOVO/Documents/NetBeansProjects/RentalMobil/web/tentang_kami.xhtml</file>
            <file>file:/C:/Users/LENOVO/Documents/NetBeansProjects/RentalMobil/web/homepage.xhtml</file>
            <file>file:/C:/Users/LENOVO/Documents/NetBeansProjects/RentalMobil/web/views/navbar.xhtml</file>
            <file>file:/C:/Users/LENOVO/Documents/NetBeansProjects/RentalMobil/web/carapesan.xhtml</file>
            <file>file:/C:/Users/LENOVO/Documents/NetBeansProjects/RentalMobil/web/view_mobil.xhtml</file>
            <file>file:/C:/Users/LENOVO/Documents/NetBeansProjects/RentalMobil/web/add_mobil.xhtml</file>
            <file>file:/C:/Users/LENOVO/Documents/NetBeansProjects/RentalMobil/src/java/pojo/RentalMobilUtil.java</file>
            <file>file:/C:/Users/LENOVO/Documents/NetBeansProjects/RentalMobil/web/login.xhtml</file>
            <file>file:/C:/Users/LENOVO/Documents/NetBeansProjects/RentalMobil/src/java/pojo/TblPelanggan.java</file>
            <file>file:/C:/Users/LENOVO/Documents/NetBeansProjects/RentalMobil/src/java/DAO/DAOMobil.java</file>
            <file>file:/C:/Users/LENOVO/Documents/NetBeansProjects/RentalMobil/src/java/pojo/TblAdmin.java</file>
            <file>file:/C:/Users/LENOVO/Documents/NetBeansProjects/RentalMobil/src/java/pojo/TblTrx.java</file>
            <file>file:/C:/Users/LENOVO/Documents/NetBeansProjects/RentalMobil/web/views/navbaradmin.xhtml</file>
            <file>file:/C:/Users/LENOVO/Documents/NetBeansProjects/RentalMobil/web/upd_mobil.xhtml</file>
            <file>file:/C:/Users/LENOVO/Documents/NetBeansProjects/RentalMobil/src/java/pojo/TblMobil.java</file>
            <file>file:/C:/Users/LENOVO/Documents/NetBeansProjects/RentalMobil/web/resources/css/css.css</file>
            <file>file:/C:/Users/LENOVO/Documents/NetBeansProjects/RentalMobil/web/kontak_kami.xhtml</file>
        </group>
    </open-files>
</project-private>
