<?xml version="1.0"?>
<!DOCTYPE hibernate-mapping PUBLIC "-//Hibernate/Hibernate Mapping DTD 3.0//EN"
"http://www.hibernate.org/dtd/hibernate-mapping-3.0.dtd">
<!-- Generated 29/09/2021 4:04:37 PM by Hibernate Tools 4.3.1 -->
<hibernate-mapping>
    <class name="pojo.TblPelanggan" table="tbl_pelanggan" catalog="mobil_rental" optimistic-lock="version">
        <id name="idPelanggan" type="string">
            <column name="id_pelanggan" length="5" />
            <generator class="assigned" />
        </id>
        <property name="noKtp" type="string">
            <column name="no_ktp" length="12" not-null="true" />
        </property>
        <property name="nama" type="string">
            <column name="nama" length="55" not-null="true" />
        </property>
        <property name="alamat" type="string">
            <column name="alamat" length="65535" not-null="true" />
        </property>
        <property name="noTelp" type="string">
            <column name="no_telp" length="12" not-null="true" />
        </property>
        <property name="email" type="string">
            <column name="email" length="25" not-null="true" />
        </property>
    </class>
</hibernate-mapping>
